{
    "$schema": "https://schema.management.azure.com/schemas/2015-01-01/deploymentParameters.json#",
    "contentVersion": "1.0.0.0",
    "parameters": {
        "accounts_iotdla14947d22_defaultDataLakeStoreAccount": {
            "value": null
        },
        "accounts_iotdla14947d22_dataLakeStoreAccounts": {
            "value": null
        },
        "sites_iot_func_14947D22_name": {
            "value": null
        },
        "serverfarms_WestEuropePlan_name": {
            "value": null
        },
        "IotHubs_iot_hub_14947D22_name": {
            "value": null
        },
        "accounts_iotdls14947d22_name": {
            "value": null
        },
        "accounts_iotdla14947d22_name": {
            "value": null
        },
        "databaseAccounts_iotcosmos14947d22_name": {
            "value": null
        },
        "storageAccounts_iotfuncstorage14947d22_name": {
            "value": null
        },
        "streamingjobs_iot_asa_14947D22_name": {
            "value": null
        },
        "environments_iot_tsi_14947D22_name": {
            "value": null
        },
        "actionGroups_Application%20Insights%20Smart%20Detection_name": {
            "value": null
        }
    }
}