"date","EventProcessedUtcTime","PartitionId","EventEnqueuedUtcTime","metadata_deviceType","metadata_studentId","metadata_uid","telemetry_temperature","telemetry_pressure","telemetry_humidity","telemetry_windSpeed","telemetry_windDirection","IoTHub_ConnectionDeviceId"
2019-07-30T00:00:00.0000000,2019-07-30T19:20:30.2961353Z,1,2019-07-30T19:20:30.2390000Z,"WeatherStation","14947D22","74C159614A45A01E",31.899999618530273,966.449462890625,49.799999237060547,9.7999954223632813,199,"CWF-MX-001"
2019-07-30T00:00:00.0000000,2019-07-30T19:21:00.6918548Z,1,2019-07-30T19:21:00.6070000Z,"WeatherStation","14947D22","2994F268F5D8544D",31.899999618530273,966.80810546875,49.900001525878906,9.7999954223632813,197,"CWF-MX-001"
2019-07-30T00:00:00.0000000,2019-07-30T19:21:31.0237597Z,1,2019-07-30T19:21:30.9650000Z,"WeatherStation","14947D22","58FF83ABD6E271CC",31.799999237060547,966.59130859375,49.900001525878906,9.7999954223632813,197,"CWF-MX-001"
2019-07-30T00:00:00.0000000,2019-07-30T19:22:01.3905551Z,1,2019-07-30T19:22:01.3210000Z,"WeatherStation","14947D22","6F635D182425E92C",32,967.060791015625,49.799999237060547,9.7999954223632813,198,"CWF-MX-001"
2019-07-30T00:00:00.0000000,2019-07-30T19:22:31.7984625Z,1,2019-07-30T19:22:31.6850000Z,"WeatherStation","14947D22","3D07137A3E4DE506",32.299999237060547,966.70361328125,49.700000762939453,9.7999954223632813,199,"CWF-MX-001"
2019-07-30T00:00:00.0000000,2019-07-30T19:23:02.1382933Z,1,2019-07-30T19:23:02.0460000Z,"WeatherStation","14947D22","46AF836608DDE195",32.400001525878906,966.426513671875,49.299999237060547,9.7999954223632813,200,"CWF-MX-001"
2019-07-30T00:00:00.0000000,2019-07-30T19:23:32.5181573Z,1,2019-07-30T19:23:32.3980000Z,"WeatherStation","14947D22","5D67E971EF6A4291",32.400001525878906,966.589599609375,48.799999237060547,9.7999954223632813,199,"CWF-MX-001"
2019-07-30T00:00:00.0000000,2019-07-30T19:24:08.3201705Z,1,2019-07-30T19:24:08.2910000Z,"WeatherStation","14947D22","ABF2B979E1D9AFB9",32.400001525878906,966.738525390625,48.599998474121094,9.7999954223632813,198,"CWF-MX-001"
2019-07-30T00:00:00.0000000,2019-07-30T19:24:38.8441302Z,1,2019-07-30T19:24:38.7990000Z,"WeatherStation","14947D22","C7338DB3024B2A4F",32.5,966.796875,48.700000762939453,9.7999954223632813,198,"CWF-MX-001"
2019-07-30T00:00:00.0000000,2019-07-30T19:25:09.2229847Z,1,2019-07-30T19:25:09.1760000Z,"WeatherStation","14947D22","83FC6DCADD6F3E4C",32.599998474121094,966.620849609375,48.5,9.7999954223632813,198,"CWF-MX-001"
2019-07-30T00:00:00.0000000,2019-07-30T19:25:39.6088427Z,1,2019-07-30T19:25:39.5270000Z,"WeatherStation","14947D22","BAB422DD5BB0E882",32.5,966.808837890625,49.099998474121094,15.599989891052246,133,"CWF-MX-001"
2019-07-30T00:00:00.0000000,2019-07-30T19:26:10.0096861Z,1,2019-07-30T19:26:09.8910000Z,"WeatherStation","14947D22","109D180BD1A27E7D",32.5,966.603271484375,49.400001525878906,15.599989891052246,217,"CWF-MX-001"
2019-07-30T00:00:00.0000000,2019-07-30T19:26:30.1322509Z,1,2019-07-30T19:26:30.1130000Z,"WeatherStation","14947D22","1CA402C6BD4B2900",32.299999237060547,966.3564453125,49.400001525878906,15.599989891052246,210,"CWF-MX-001"
2019-07-30T00:00:00.0000000,2019-07-30T19:26:50.4307595Z,1,2019-07-30T19:26:50.3200000Z,"WeatherStation","14947D22","4E5CC12276C2C105",32.099998474121094,966.696044921875,49.299999237060547,15.599989891052246,209,"CWF-MX-001"
2019-07-30T00:00:00.0000000,2019-07-30T19:27:10.6506969Z,1,2019-07-30T19:27:10.5440000Z,"WeatherStation","14947D22","4E5CC12276C2C105",32.099998474121094,966.495361328125,49.5,15.599989891052246,209,"CWF-MX-001"
2019-07-30T00:00:00.0000000,2019-07-30T19:27:30.8552604Z,1,2019-07-30T19:27:30.7430000Z,"WeatherStation","14947D22","2F185472C8B1BC20",32,966.303466796875,49.400001525878906,15.599989891052246,209,"CWF-MX-001"
2019-07-30T00:00:00.0000000,2019-07-30T19:27:51.0500470Z,1,2019-07-30T19:27:50.9670000Z,"WeatherStation","14947D22","A42C827471B330F5",32,966.97998046875,49.700000762939453,15.599989891052246,210,"CWF-MX-001"
2019-07-30T00:00:00.0000000,2019-07-30T19:28:11.2565988Z,1,2019-07-30T19:28:11.1730000Z,"WeatherStation","14947D22","A42C827471B330F5",32,966.789306640625,49.700000762939453,15.599989891052246,210,"CWF-MX-001"
2019-07-30T00:00:00.0000000,2019-07-30T19:28:31.4721644Z,1,2019-07-30T19:28:31.3930000Z,"WeatherStation","14947D22","4E5CC12276C2C105",32.099998474121094,966.572998046875,49.700000762939453,15.599989891052246,209,"CWF-MX-001"
2019-07-30T00:00:00.0000000,2019-07-30T19:28:51.7007330Z,1,2019-07-30T19:28:51.6100000Z,"WeatherStation","14947D22","D43129C802E153D7",32.200000762939453,967.16650390625,49.700000762939453,15.599989891052246,210,"CWF-MX-001"
2019-07-30T00:00:00.0000000,2019-07-30T19:29:11.9372819Z,1,2019-07-30T19:29:11.8210000Z,"WeatherStation","14947D22","2BDAFBE93C6EDAB1",32.200000762939453,966.594482421875,49.400001525878906,15.599989891052246,209,"CWF-MX-001"
2019-07-30T00:00:00.0000000,2019-07-30T19:29:32.1038400Z,1,2019-07-30T19:29:32.0340000Z,"WeatherStation","14947D22","9B183C79EAE238FF",32.099998474121094,966.567626953125,49.5,20.600006103515625,125,"CWF-MX-001"
2019-07-30T00:00:00.0000000,2019-07-30T19:29:52.3003877Z,1,2019-07-30T19:29:52.2610000Z,"WeatherStation","14947D22","7554D21B7D351D75",32,966.7109375,49.900001525878906,20.600006103515625,114,"CWF-MX-001"
2019-07-30T00:00:00.0000000,2019-07-30T19:30:02.6796801Z,1,2019-07-30T19:30:02.6210000Z,"WeatherStation","14947D22","688C1F56166D5AF5",32,966.540283203125,49.900001525878906,20.600006103515625,113,"CWF-MX-001"
2019-07-30T00:00:00.0000000,2019-07-30T19:30:13.0599670Z,1,2019-07-30T19:30:12.9680000Z,"WeatherStation","14947D22","9BB4894C5576F7C0",32,966.730224609375,50.099998474121094,21.000007629394531,144,"CWF-MX-001"
2019-07-30T00:00:00.0000000,2019-07-30T19:30:23.3692441Z,1,2019-07-30T19:30:23.3350000Z,"WeatherStation","14947D22","C0616D45A0B29C79",31.899999618530273,966.58837890625,49.799999237060547,21.000007629394531,143,"CWF-MX-001"
2019-07-30T00:00:00.0000000,2019-07-30T19:30:33.7495494Z,1,2019-07-30T19:30:33.6810000Z,"WeatherStation","14947D22","FDF451778DBD8879",31.799999237060547,966.428955078125,50,21.000007629394531,142,"CWF-MX-001"
2019-07-30T00:00:00.0000000,2019-07-30T19:30:44.1118130Z,1,2019-07-30T19:30:44.0410000Z,"WeatherStation","14947D22","36227C4CB50A7F12",31.799999237060547,966.92919921875,49.799999237060547,21.000007629394531,143,"CWF-MX-001"
2019-07-30T00:00:00.0000000,2019-07-30T19:30:54.4801042Z,1,2019-07-30T19:30:54.4030000Z,"WeatherStation","14947D22","6CCBFD8C2D18E2CA",32.200000762939453,966.738525390625,51.299999237060547,19.600002288818359,52,"CWF-MX-001"
2019-07-30T00:00:00.0000000,2019-07-30T19:31:04.8623800Z,1,2019-07-30T19:31:04.7630000Z,"WeatherStation","14947D22","55D559DC8F11CD57",32.599998474121094,967.107666015625,51.700000762939453,19.200000762939453,153,"CWF-MX-001"
2019-07-30T00:00:00.0000000,2019-07-30T19:31:25.0169435Z,1,2019-07-30T19:31:24.9730000Z,"WeatherStation","14947D22","B98CFD31ABFE1143",32.099998474121094,966.875,50,19.200000762939453,153,"CWF-MX-001"
2019-07-30T00:00:00.0000000,2019-07-30T19:31:45.2388509Z,1,2019-07-30T19:31:45.1820000Z,"WeatherStation","14947D22","412E9C05041C334D",32,966.8232421875,50,19.200000762939453,152,"CWF-MX-001"
2019-07-30T00:00:00.0000000,2019-07-30T19:32:05.4804133Z,1,2019-07-30T19:32:05.4080000Z,"WeatherStation","14947D22","412E9C05041C334D",32,966.826904296875,50.299999237060547,19.200000762939453,152,"CWF-MX-001"
2019-07-30T00:00:00.0000000,2019-07-30T19:32:25.7309554Z,1,2019-07-30T19:32:25.6190000Z,"WeatherStation","14947D22","0C0343BDC8E02858",32,966.970703125,50,19.200000762939453,153,"CWF-MX-001"
2019-07-30T00:00:00.0000000,2019-07-30T19:32:45.9865110Z,1,2019-07-30T19:32:45.8440000Z,"WeatherStation","14947D22","2CB223DDF82F2775",32,966.65380859375,49.700000762939453,19.200000762939453,151,"CWF-MX-001"
2019-07-30T00:00:00.0000000,2019-07-30T19:33:06.2010635Z,1,2019-07-30T19:33:06.1550000Z,"WeatherStation","14947D22","2CB223DDF82F2775",32,966.56640625,49.799999237060547,19.200000762939453,151,"CWF-MX-001"
2019-07-30T00:00:00.0000000,2019-07-30T19:33:26.4736424Z,1,2019-07-30T19:33:26.3600000Z,"WeatherStation","14947D22","267D340BFB2155BC",32.099998474121094,967.196044921875,49.799999237060547,19.200000762939453,152,"CWF-MX-001"
2019-07-30T00:00:00.0000000,2019-07-30T19:33:46.6461817Z,1,2019-07-30T19:33:46.5840000Z,"WeatherStation","14947D22","277D3CB84FEE2777",32.099998474121094,966.475341796875,49.700000762939453,19.200000762939453,150,"CWF-MX-001"
2019-07-30T00:00:00.0000000,2019-07-30T19:34:06.9097273Z,1,2019-07-30T19:34:06.7920000Z,"WeatherStation","14947D22","72D29DEA8CE6FF53",33.400001525878906,966.73486328125,53.299999237060547,13.599991798400879,22,"CWF-MX-001"
2019-07-30T00:00:00.0000000,2019-07-30T19:34:27.0472880Z,1,2019-07-30T19:34:27.0040000Z,"WeatherStation","14947D22","CA9B093233E8162C",32.799999237060547,967.2392578125,49.700000762939453,12.799992561340332,131,"CWF-MX-001"
2019-07-30T00:00:00.0000000,2019-07-30T19:34:57.4051123Z,1,2019-07-30T19:34:57.3660000Z,"WeatherStation","14947D22","ACB4A2404A2ADA85",32.400001525878906,966.66552734375,49.299999237060547,12.799992561340332,131,"CWF-MX-001"
2019-07-30T00:00:00.0000000,2019-07-30T19:35:27.8319438Z,1,2019-07-30T19:35:27.7350000Z,"WeatherStation","14947D22","ACB4A2404A2ADA85",32.400001525878906,966.843017578125,49.299999237060547,12.799992561340332,131,"CWF-MX-001"
2019-07-30T00:00:00.0000000,2019-07-30T19:35:58.2097385Z,1,2019-07-30T19:35:58.0940000Z,"WeatherStation","14947D22","1A52B98056308680",32.299999237060547,966.962890625,49.299999237060547,12.799992561340332,131,"CWF-MX-001"
2019-07-30T00:00:00.0000000,2019-07-30T19:36:28.5034489Z,1,2019-07-30T19:36:28.4580000Z,"WeatherStation","14947D22","358F7CE62358622E",32.400001525878906,966.58984375,49.200000762939453,12.799992561340332,132,"CWF-MX-001"
2019-07-30T00:00:00.0000000,2019-07-30T19:36:59.0215263Z,1,2019-07-30T19:36:58.8990000Z,"WeatherStation","14947D22","ACB4A2404A2ADA85",32.400001525878906,966.550537109375,49.200000762939453,12.799992561340332,131,"CWF-MX-001"
2019-07-30T00:00:00.0000000,2019-07-30T19:37:29.3082688Z,1,2019-07-30T19:37:29.2740000Z,"WeatherStation","14947D22","989AA2F5D4C078D3",32.5,966.546142578125,49,12.799992561340332,132,"CWF-MX-001"
2019-07-30T00:00:00.0000000,2019-07-30T19:37:59.7570324Z,1,2019-07-30T19:37:59.6410000Z,"WeatherStation","14947D22","F7D654AB3D4E9E04",32.5,966.813232421875,49,12.799992561340332,131,"CWF-MX-001"
2019-07-30T00:00:00.0000000,2019-07-30T19:38:30.0437638Z,1,2019-07-30T19:38:29.9920000Z,"WeatherStation","14947D22","2D4FEE3F9CA0FEE9",32.5,966.883544921875,48.700000762939453,12.799992561340332,130,"CWF-MX-001"
2019-07-30T00:00:00.0000000,2019-07-30T19:39:00.4285424Z,1,2019-07-30T19:39:00.3590000Z,"WeatherStation","14947D22","9C8BD09CAC9332AE",32.599998474121094,966.792236328125,48.799999237060547,12.799992561340332,130,"CWF-MX-001"
2019-07-30T00:00:00.0000000,2019-07-30T19:39:30.7883372Z,1,2019-07-30T19:39:30.7170000Z,"WeatherStation","14947D22","3D73DFEAB4843662",32.599998474121094,966.8388671875,48.599998474121094,12.799992561340332,132,"CWF-MX-001"
2019-07-30T00:00:00.0000000,2019-07-30T19:40:01.2090829Z,1,2019-07-30T19:40:01.0850000Z,"WeatherStation","14947D22","3D73DFEAB4843662",32.599998474121094,966.69189453125,48.700000762939453,12.799992561340332,132,"CWF-MX-001"
2019-07-30T00:00:00.0000000,2019-07-30T19:40:31.5678888Z,1,2019-07-30T19:40:31.4530000Z,"WeatherStation","14947D22","F8865D5F501011B8",32.700000762939453,966.541015625,48.400001525878906,12.799992561340332,133,"CWF-MX-001"
2019-07-30T00:00:00.0000000,2019-07-30T19:41:01.8406623Z,1,2019-07-30T19:41:01.8170000Z,"WeatherStation","14947D22","CA9B093233E8162C",32.799999237060547,966.9287109375,48.400001525878906,12.799992561340332,131,"CWF-MX-001"
2019-07-30T00:00:00.0000000,2019-07-30T19:41:32.2434769Z,1,2019-07-30T19:41:32.1670000Z,"WeatherStation","14947D22","4DC691C4B3FF453D",32.799999237060547,967.15673828125,48.299999237060547,12.799992561340332,133,"CWF-MX-001"
2019-07-30T00:00:00.0000000,2019-07-30T19:42:02.6108307Z,1,2019-07-30T19:42:02.5310000Z,"WeatherStation","14947D22","CA9B093233E8162C",32.799999237060547,966.83740234375,48.099998474121094,12.799992561340332,131,"CWF-MX-001"
2019-07-30T00:00:00.0000000,2019-07-30T19:42:32.9276356Z,1,2019-07-30T19:42:32.8870000Z,"WeatherStation","14947D22","CA9B093233E8162C",32.799999237060547,966.92822265625,47.900001525878906,12.799992561340332,131,"CWF-MX-001"
2019-07-30T00:00:00.0000000,2019-07-30T19:43:03.2917729Z,1,2019-07-30T19:43:03.2500000Z,"WeatherStation","14947D22","DA55F7FA9365CA89",32.900001525878906,966.81982421875,47.799999237060547,12.799992561340332,132,"CWF-MX-001"
2019-07-30T00:00:00.0000000,2019-07-30T19:43:33.6425734Z,1,2019-07-30T19:43:33.6150000Z,"WeatherStation","14947D22","9C7C14D21D7A3D26",32.900001525878906,967.000244140625,47.900001525878906,12.799992561340332,131,"CWF-MX-001"
2019-07-30T00:00:00.0000000,2019-07-30T19:44:03.9988614Z,1,2019-07-30T19:44:03.9670000Z,"WeatherStation","14947D22","DA55F7FA9365CA89",32.900001525878906,966.92822265625,47.900001525878906,12.799992561340332,132,"CWF-MX-001"
2019-07-30T00:00:00.0000000,2019-07-30T19:44:34.3816588Z,1,2019-07-30T19:44:34.3260000Z,"WeatherStation","14947D22","683302E18D5B5DC2",33,966.63818359375,47.799999237060547,12.799992561340332,132,"CWF-MX-001"
2019-07-30T00:00:00.0000000,2019-07-30T19:45:04.7413093Z,1,2019-07-30T19:45:04.6870000Z,"WeatherStation","14947D22","6C38F8C3E67D53B8",32.700000762939453,966.894775390625,48.099998474121094,12.799992561340332,189,"CWF-MX-001"
2019-07-30T00:00:00.0000000,2019-07-30T19:45:35.1581401Z,1,2019-07-30T19:45:35.0460000Z,"WeatherStation","14947D22","321FBD9C60CEC959",32.5,966.9921875,48.400001525878906,12.799992561340332,187,"CWF-MX-001"
2019-07-30T00:00:00.0000000,2019-07-30T19:46:05.5330447Z,1,2019-07-30T19:46:05.4120000Z,"WeatherStation","14947D22","03CF3F453F435F37",32.400001525878906,966.8251953125,48.5,12.799992561340332,188,"CWF-MX-001"
2019-07-30T00:00:00.0000000,2019-07-30T19:46:35.8058142Z,1,2019-07-30T19:46:35.7680000Z,"WeatherStation","14947D22","99EDC8692B12D847",32.400001525878906,966.894775390625,48.400001525878906,12.799992561340332,190,"CWF-MX-001"
2019-07-30T00:00:00.0000000,2019-07-30T19:47:06.2106025Z,1,2019-07-30T19:47:06.1320000Z,"WeatherStation","14947D22","3CD658F90B2048BA",32.400001525878906,967.230224609375,48.599998474121094,12.799992561340332,189,"CWF-MX-001"
2019-07-30T00:00:00.0000000,2019-07-30T19:47:36.5944508Z,1,2019-07-30T19:47:36.4970000Z,"WeatherStation","14947D22","6C2F05931A581090",32.200000762939453,966.9345703125,48.900001525878906,12.799992561340332,215,"CWF-MX-001"
2019-07-30T00:00:00.0000000,2019-07-30T19:48:06.9512616Z,1,2019-07-30T19:48:06.8610000Z,"WeatherStation","14947D22","6C2F05931A581090",32.200000762939453,967.180419921875,49.400001525878906,12.799992561340332,215,"CWF-MX-001"
2019-07-30T00:00:00.0000000,2019-07-30T19:48:37.3434644Z,1,2019-07-30T19:48:37.2250000Z,"WeatherStation","14947D22","24C24CA740F06FF1",32.299999237060547,967.10986328125,49.200000762939453,12.799992561340332,215,"CWF-MX-001"
2019-07-30T00:00:00.0000000,2019-07-30T19:49:07.6622932Z,1,2019-07-30T19:49:07.5790000Z,"WeatherStation","14947D22","24C24CA740F06FF1",32.299999237060547,966.9228515625,49,12.799992561340332,215,"CWF-MX-001"
2019-07-30T00:00:00.0000000,2019-07-30T19:49:37.9731244Z,1,2019-07-30T19:49:37.9380000Z,"WeatherStation","14947D22","24C24CA740F06FF1",32.299999237060547,967.10693359375,48.599998474121094,12.799992561340332,215,"CWF-MX-001"
2019-07-30T00:00:00.0000000,2019-07-30T19:50:08.3879499Z,1,2019-07-30T19:50:08.3060000Z,"WeatherStation","14947D22","3F9C3B99348B87BD",32.299999237060547,967.198974609375,48.900001525878906,12.799992561340332,214,"CWF-MX-001"
2019-07-30T00:00:00.0000000,2019-07-30T19:50:38.7027754Z,1,2019-07-30T19:50:38.6690000Z,"WeatherStation","14947D22","EBA44F1D3A11C4B3",32.200000762939453,967.113037109375,49.099998474121094,12.799992561340332,214,"CWF-MX-001"
2019-07-30T00:00:00.0000000,2019-07-30T19:51:09.1226075Z,1,2019-07-30T19:51:09.0310000Z,"WeatherStation","14947D22","1C44AB62C2203788",32.299999237060547,966.967041015625,49.200000762939453,12.799992561340332,213,"CWF-MX-001"
2019-07-30T00:00:00.0000000,2019-07-30T19:51:39.4344454Z,1,2019-07-30T19:51:39.3920000Z,"WeatherStation","14947D22","4886BC607B165679",32.299999237060547,967.103271484375,49.099998474121094,12.799992561340332,216,"CWF-MX-001"
2019-07-30T00:00:00.0000000,2019-07-30T19:52:09.8062739Z,1,2019-07-30T19:52:09.7460000Z,"WeatherStation","14947D22","847023C75587DD56",32.400001525878906,967.12548828125,48.799999237060547,12.799992561340332,216,"CWF-MX-001"
2019-07-30T00:00:00.0000000,2019-07-30T19:52:40.1741004Z,1,2019-07-30T19:52:40.1040000Z,"WeatherStation","14947D22","3CF5914493635425",32.5,967.066650390625,48.5,12.799992561340332,215,"CWF-MX-001"
2019-07-30T00:00:00.0000000,2019-07-30T19:53:10.5469933Z,1,2019-07-30T19:53:10.4740000Z,"WeatherStation","14947D22","E572BF13B0B48745",32.5,967.072998046875,47.900001525878906,12.799992561340332,214,"CWF-MX-001"
2019-07-30T00:00:00.0000000,2019-07-30T19:53:40.9362669Z,1,2019-07-30T19:53:40.8230000Z,"WeatherStation","14947D22","ECA4BCA337830EB0",32.400001525878906,967.055419921875,46.799999237060547,12.799992561340332,214,"CWF-MX-001"
2019-07-30T00:00:00.0000000,2019-07-30T19:54:11.3029356Z,1,2019-07-30T19:54:11.1860000Z,"WeatherStation","14947D22","4886BC607B165679",32.299999237060547,966.896240234375,46.599998474121094,12.799992561340332,216,"CWF-MX-001"
2019-07-30T00:00:00.0000000,2019-07-30T19:54:41.6246393Z,1,2019-07-30T19:54:41.5560000Z,"WeatherStation","14947D22","EBA44F1D3A11C4B3",32.200000762939453,967.184326171875,45.799999237060547,12.799992561340332,214,"CWF-MX-001"
2019-07-30T00:00:00.0000000,2019-07-30T19:55:11.9504194Z,1,2019-07-30T19:55:11.9040000Z,"WeatherStation","14947D22","2FD79A9B8C73B4E3",32.099998474121094,967.325927734375,46.200000762939453,12.799992561340332,214,"CWF-MX-001"
2019-07-30T00:00:00.0000000,2019-07-30T19:55:42.3005167Z,1,2019-07-30T19:55:42.2670000Z,"WeatherStation","14947D22","80B65965CD224DD1",32.200000762939453,967.147705078125,46.099998474121094,12.799992561340332,213,"CWF-MX-001"
2019-07-30T00:00:00.0000000,2019-07-30T19:56:12.7245865Z,1,2019-07-30T19:56:12.6250000Z,"WeatherStation","14947D22","EBA44F1D3A11C4B3",32.200000762939453,966.943603515625,45.799999237060547,12.799992561340332,214,"CWF-MX-001"
2019-07-30T00:00:00.0000000,2019-07-30T19:56:43.1136255Z,1,2019-07-30T19:56:42.9900000Z,"WeatherStation","14947D22","F047EFB9DA5F1D7A",32.099998474121094,967.03515625,45.700000762939453,12.799992561340332,215,"CWF-MX-001"
2019-07-30T00:00:00.0000000,2019-07-30T19:57:13.4066491Z,1,2019-07-30T19:57:13.3590000Z,"WeatherStation","14947D22","F047EFB9DA5F1D7A",32.099998474121094,967.2177734375,45.700000762939453,12.799992561340332,215,"CWF-MX-001"
2019-07-30T00:00:00.0000000,2019-07-30T19:57:43.8460889Z,1,2019-07-30T19:57:43.7120000Z,"WeatherStation","14947D22","F047EFB9DA5F1D7A",32.099998474121094,967.20166015625,45.700000762939453,12.799992561340332,215,"CWF-MX-001"
2019-07-30T00:00:00.0000000,2019-07-30T19:58:14.2100845Z,1,2019-07-30T19:58:14.0820000Z,"WeatherStation","14947D22","5CBBC27D74EC87EB",32.200000762939453,967.335205078125,45.400001525878906,12.799992561340332,216,"CWF-MX-001"
2019-07-30T00:00:00.0000000,2019-07-30T19:58:44.4790336Z,1,2019-07-30T19:58:44.4480000Z,"WeatherStation","14947D22","1C44AB62C2203788",32.299999237060547,967.085693359375,45.5,12.799992561340332,213,"CWF-MX-001"
2019-07-30T00:00:00.0000000,2019-07-30T19:59:14.8749974Z,1,2019-07-30T19:59:14.7950000Z,"WeatherStation","14947D22","24C24CA740F06FF1",32.299999237060547,967.4111328125,45.299999237060547,12.799992561340332,215,"CWF-MX-001"
2019-07-30T00:00:00.0000000,2019-07-30T19:59:45.2539249Z,1,2019-07-30T19:59:45.1740000Z,"WeatherStation","14947D22","6C2F05931A581090",32.200000762939453,967.037353515625,45.400001525878906,12.799992561340332,215,"CWF-MX-001"
2019-07-30T00:00:00.0000000,2019-07-30T20:00:15.6418567Z,1,2019-07-30T20:00:15.5180000Z,"WeatherStation","14947D22","24C24CA740F06FF1",32.299999237060547,966.943115234375,45.400001525878906,12.799992561340332,215,"CWF-MX-001"
2019-07-30T00:00:00.0000000,2019-07-30T20:00:45.9357562Z,1,2019-07-30T20:00:45.8990000Z,"WeatherStation","14947D22","6C2F05931A581090",32.200000762939453,967.084228515625,45.299999237060547,12.799992561340332,215,"CWF-MX-001"
2019-07-30T00:00:00.0000000,2019-07-30T20:01:16.3556646Z,1,2019-07-30T20:01:16.2440000Z,"WeatherStation","14947D22","6C2F05931A581090",32.200000762939453,966.85888671875,45.099998474121094,12.799992561340332,215,"CWF-MX-001"
2019-07-30T00:00:00.0000000,2019-07-30T20:01:46.7115761Z,1,2019-07-30T20:01:46.6050000Z,"WeatherStation","14947D22","24C24CA740F06FF1",32.299999237060547,966.843017578125,45.200000762939453,12.799992561340332,215,"CWF-MX-001"
2019-07-30T00:00:00.0000000,2019-07-30T20:02:17.0344563Z,1,2019-07-30T20:02:16.9640000Z,"WeatherStation","14947D22","B10683099831136D",32.400001525878906,967.366455078125,45.400001525878906,12.799992561340332,215,"CWF-MX-001"
2019-07-30T00:00:00.0000000,2019-07-30T20:02:47.4563716Z,1,2019-07-30T20:02:47.3280000Z,"WeatherStation","14947D22","3CF5914493635425",32.5,967.47509765625,44.900001525878906,12.799992561340332,215,"CWF-MX-001"
2019-07-30T00:00:00.0000000,2019-07-30T20:03:17.7515442Z,1,2019-07-30T20:03:17.6920000Z,"WeatherStation","14947D22","E572BF13B0B48745",32.5,967.109130859375,44.599998474121094,12.799992561340332,214,"CWF-MX-001"
2019-07-30T00:00:00.0000000,2019-07-30T20:03:48.1704241Z,1,2019-07-30T20:03:48.0530000Z,"WeatherStation","14947D22","7AC6C4EEE8DFC9C3",32.400001525878906,966.98583984375,44.799999237060547,12.799992561340332,187,"CWF-MX-001"
2019-07-30T00:00:00.0000000,2019-07-30T20:04:18.5392888Z,1,2019-07-30T20:04:18.4210000Z,"WeatherStation","14947D22","7AC6C4EEE8DFC9C3",32.400001525878906,967.00634765625,44.299999237060547,12.799992561340332,187,"CWF-MX-001"
2019-07-30T00:00:00.0000000,2019-07-30T20:04:48.8891564Z,1,2019-07-30T20:04:48.7710000Z,"WeatherStation","14947D22","71BC94359CE62173",32.299999237060547,967.172119140625,44.200000762939453,12.799992561340332,187,"CWF-MX-001"
2019-07-30T00:00:00.0000000,2019-07-30T20:05:19.2390123Z,1,2019-07-30T20:05:19.1370000Z,"WeatherStation","14947D22","3CD658F90B2048BA",32.400001525878906,967.16162109375,43.900001525878906,12.799992561340332,189,"CWF-MX-001"
2019-07-30T00:00:00.0000000,2019-07-30T20:05:49.6251751Z,1,2019-07-30T20:05:49.5010000Z,"WeatherStation","14947D22","C272366C9E79F832",32.200000762939453,967.571533203125,43.900001525878906,12.799992561340332,189,"CWF-MX-001"
2019-07-30T00:00:00.0000000,2019-07-30T20:06:19.8989839Z,1,2019-07-30T20:06:19.8600000Z,"WeatherStation","14947D22","100204FB55FB2D59",32.200000762939453,967.33447265625,44.400001525878906,15.799989700317383,120,"CWF-MX-001"
2019-07-30T00:00:00.0000000,2019-07-30T20:06:50.2748419Z,1,2019-07-30T20:06:50.2140000Z,"WeatherStation","14947D22","67EFB3EB1EEBB91A",32,967.293212890625,44.400001525878906,15.799989700317383,125,"CWF-MX-001"
2019-07-30T00:00:00.0000000,2019-07-30T20:07:10.5743984Z,1,2019-07-30T20:07:10.5340000Z,"WeatherStation","14947D22","4D744848B73A2FCF",31.899999618530273,966.997314453125,44.599998474121094,15.799989700317383,125,"CWF-MX-001"
2019-07-30T00:00:00.0000000,2019-07-30T20:07:30.9950651Z,1,2019-07-30T20:07:30.9260000Z,"WeatherStation","14947D22","3AA8D66621AB9FFD",31.899999618530273,966.969970703125,44.799999237060547,15.799989700317383,126,"CWF-MX-001"
2019-07-30T00:00:00.0000000,2019-07-30T20:07:51.2196177Z,1,2019-07-30T20:07:51.1620000Z,"WeatherStation","14947D22","4D744848B73A2FCF",31.899999618530273,967.365966796875,44.400001525878906,15.799989700317383,125,"CWF-MX-001"
2019-07-30T00:00:00.0000000,2019-07-30T20:08:11.4431746Z,1,2019-07-30T20:08:11.3830000Z,"WeatherStation","14947D22","1BA81FE577D9371B",31.799999237060547,967.150146484375,44.599998474121094,15.799989700317383,127,"CWF-MX-001"
2019-07-30T00:00:00.0000000,2019-07-30T20:08:31.6757479Z,1,2019-07-30T20:08:31.5970000Z,"WeatherStation","14947D22","28791C9ACBA6663E",31.899999618530273,967.406494140625,44.599998474121094,15.799989700317383,127,"CWF-MX-001"
2019-07-30T00:00:00.0000000,2019-07-30T20:08:51.8483254Z,1,2019-07-30T20:08:51.8110000Z,"WeatherStation","14947D22","7F7BCC8443357CC2",31.799999237060547,967.43359375,44.400001525878906,15.799989700317383,125,"CWF-MX-001"
2019-07-30T00:00:00.0000000,2019-07-30T20:09:12.1588694Z,1,2019-07-30T20:09:12.0230000Z,"WeatherStation","14947D22","CA15CEB06D9D5E11",31.799999237060547,967.0517578125,44.400001525878906,15.799989700317383,126,"CWF-MX-001"
2019-07-30T00:00:00.0000000,2019-07-30T20:09:32.3904332Z,1,2019-07-30T20:09:32.2280000Z,"WeatherStation","14947D22","CA15CEB06D9D5E11",31.799999237060547,967.087646484375,44.5,15.799989700317383,126,"CWF-MX-001"
2019-07-30T00:00:00.0000000,2019-07-30T20:09:52.5120015Z,1,2019-07-30T20:09:52.4520000Z,"WeatherStation","14947D22","1BA81FE577D9371B",31.799999237060547,967.088134765625,44.400001525878906,15.799989700317383,127,"CWF-MX-001"
2019-07-30T00:00:00.0000000,2019-07-30T20:10:12.7184862Z,1,2019-07-30T20:10:12.6680000Z,"WeatherStation","14947D22","CA15CEB06D9D5E11",31.799999237060547,967.016845703125,44.400001525878906,15.799989700317383,126,"CWF-MX-001"
2019-07-30T00:00:00.0000000,2019-07-30T20:10:32.9309925Z,1,2019-07-30T20:10:32.8780000Z,"WeatherStation","14947D22","3AA8D66621AB9FFD",31.899999618530273,967.338134765625,44.299999237060547,15.799989700317383,126,"CWF-MX-001"
2019-07-30T00:00:00.0000000,2019-07-30T20:10:53.2194665Z,1,2019-07-30T20:10:53.0980000Z,"WeatherStation","14947D22","4D744848B73A2FCF",31.899999618530273,967.270751953125,44.5,15.799989700317383,125,"CWF-MX-001"
2019-07-30T00:00:00.0000000,2019-07-30T20:11:13.3649579Z,1,2019-07-30T20:11:13.2960000Z,"WeatherStation","14947D22","4D744848B73A2FCF",31.899999618530273,967.334716796875,44.200000762939453,15.799989700317383,125,"CWF-MX-001"
2019-07-30T00:00:00.0000000,2019-07-30T20:11:33.5364545Z,1,2019-07-30T20:11:33.5100000Z,"WeatherStation","14947D22","67EFB3EB1EEBB91A",32,967.425048828125,44.299999237060547,15.799989700317383,125,"CWF-MX-001"
2019-07-30T00:00:00.0000000,2019-07-30T20:11:53.8869733Z,1,2019-07-30T20:11:53.7250000Z,"WeatherStation","14947D22","89F0BDE59BD33D92",32,966.7666015625,44,15.799989700317383,126,"CWF-MX-001"
2019-07-30T00:00:00.0000000,2019-07-30T20:12:19.7266107Z,1,2019-07-30T20:12:19.6520000Z,"WeatherStation","14947D22","2A6DB81C1538C28C",32,967.23046875,44,15.799989700317383,127,"CWF-MX-001"
2019-07-30T00:00:00.0000000,2019-07-30T20:12:40.0831278Z,1,2019-07-30T20:12:40.0280000Z,"WeatherStation","14947D22","03E55D59C9E70912",32,967.174560546875,43.799999237060547,13.399991989135742,177,"CWF-MX-001"
2019-07-30T00:00:00.0000000,2019-07-30T20:13:00.3804202Z,1,2019-07-30T20:13:00.2340000Z,"WeatherStation","14947D22","E6AF0225BC9D8467",31.799999237060547,967.1845703125,43.700000762939453,13.399991989135742,178,"CWF-MX-001"
2019-07-30T00:00:00.0000000,2019-07-30T20:13:30.6622047Z,1,2019-07-30T20:13:30.5870000Z,"WeatherStation","14947D22","CCBFFF6FC06822F2",31.700000762939453,966.969970703125,44,13.399991989135742,178,"CWF-MX-001"
2019-07-30T00:00:00.0000000,2019-07-30T20:14:01.0377653Z,1,2019-07-30T20:14:00.9660000Z,"WeatherStation","14947D22","9B882E80CFEB5E75",31.600000381469727,967.41357421875,44.099998474121094,13.399991989135742,177,"CWF-MX-001"
2019-07-30T00:00:00.0000000,2019-07-30T20:14:31.3935450Z,1,2019-07-30T20:14:31.3190000Z,"WeatherStation","14947D22","786D00E939364D36",31.700000762939453,967.3212890625,44.200000762939453,13.399991989135742,176,"CWF-MX-001"
2019-07-30T00:00:00.0000000,2019-07-30T20:15:01.8024069Z,1,2019-07-30T20:15:01.6820000Z,"WeatherStation","14947D22","786D00E939364D36",31.700000762939453,967.4765625,44.200000762939453,13.399991989135742,176,"CWF-MX-001"
2019-07-30T00:00:00.0000000,2019-07-30T20:15:32.1072044Z,1,2019-07-30T20:15:32.0280000Z,"WeatherStation","14947D22","F6253549A76B2398",31.799999237060547,967.075927734375,43.900001525878906,13.399991989135742,176,"CWF-MX-001"
2019-07-30T00:00:00.0000000,2019-07-30T20:16:02.5304943Z,1,2019-07-30T20:16:02.3960000Z,"WeatherStation","14947D22","94D8FF8477D7B531",31.799999237060547,967.258544921875,43.900001525878906,13.399991989135742,175,"CWF-MX-001"
2019-07-30T00:00:00.0000000,2019-07-30T20:16:32.8932913Z,1,2019-07-30T20:16:32.7590000Z,"WeatherStation","14947D22","772F00C0245F4988",31.899999618530273,967.135986328125,43.700000762939453,13.399991989135742,177,"CWF-MX-001"
2019-07-30T00:00:00.0000000,2019-07-30T20:17:03.2521049Z,1,2019-07-30T20:17:03.1210000Z,"WeatherStation","14947D22","AF347DABE9A7C397",31.899999618530273,967.34716796875,44,13.399991989135742,176,"CWF-MX-001"
2019-07-30T00:00:00.0000000,2019-07-30T20:17:33.5889167Z,1,2019-07-30T20:17:33.4760000Z,"WeatherStation","14947D22","FBBB3D5F896FBBCA",32,967.452392578125,43.799999237060547,13.399991989135742,179,"CWF-MX-001"
2019-07-30T00:00:00.0000000,2019-07-30T20:18:03.9307367Z,1,2019-07-30T20:18:03.8470000Z,"WeatherStation","14947D22","772F00C0245F4988",31.899999618530273,967.39404296875,43.700000762939453,13.399991989135742,177,"CWF-MX-001"
2019-07-30T00:00:00.0000000,2019-07-30T20:18:34.2903020Z,1,2019-07-30T20:18:34.1850000Z,"WeatherStation","14947D22","E3B2BE085F97160B",32,967.49462890625,43.900001525878906,13.399991989135742,178,"CWF-MX-001"
2019-07-30T00:00:00.0000000,2019-07-30T20:19:04.6770837Z,1,2019-07-30T20:19:04.5730000Z,"WeatherStation","14947D22","E8286839CFCECE2B",32.099998474121094,967.303466796875,43.5,13.399991989135742,177,"CWF-MX-001"
2019-07-30T00:00:00.0000000,2019-07-30T20:19:34.9979256Z,1,2019-07-30T20:19:34.9090000Z,"WeatherStation","14947D22","3FE1A58FEADEE04C",32.099998474121094,967.53466796875,43.400001525878906,13.399991989135742,178,"CWF-MX-001"
2019-07-30T00:00:00.0000000,2019-07-30T20:20:05.3267323Z,1,2019-07-30T20:20:05.2750000Z,"WeatherStation","14947D22","3FE1A58FEADEE04C",32.099998474121094,967.236328125,43.299999237060547,13.399991989135742,178,"CWF-MX-001"
